Employee ID,Name,Age,Position,Salary,Department,Email,Phone,Hire Date
HUM001,Employee_HUM1,23,Human Resources Specialist,45000,Human Resources,employee1@humanresources.com,+123-456-1001,2011-02-15
HUM002,Employee_HUM2,24,Human Resources Specialist,50000,Human Resources,employee2@humanresources.com,+123-456-1002,2012-03-15
HUM003,Employee_HUM3,25,Human Resources Specialist,55000,Human Resources,employee3@humanresources.com,+123-456-1003,2013-04-15
HUM004,Employee_HUM4,26,Human Resources Specialist,60000,Human Resources,employee4@humanresources.com,+123-456-1004,2014-05-15
HUM005,Employee_HUM5,27,Human Resources Specialist,65000,Human Resources,employee5@humanresources.com,+123-456-1005,2015-06-15
HUM006,Employee_HUM6,28,Human Resources Specialist,70000,Human Resources,employee6@humanresources.com,+123-456-1006,2016-07-15
HUM007,Employee_HUM7,29,Human Resources Specialist,75000,Human Resources,employee7@humanresources.com,+123-456-1007,2017-08-15
HUM008,Employee_HUM8,30,Human Resources Specialist,80000,Human Resources,employee8@humanresources.com,+123-456-1008,2018-09-15
HUM009,Employee_HUM9,31,Human Resources Specialist,85000,Human Resources,employee9@humanresources.com,+123-456-1009,2019-10-15
HUM010,Employee_HUM10,32,Human Resources Manager,40000,Human Resources,employee10@humanresources.com,+123-456-1010,2010-11-15
HUM011,Employee_HUM11,33,Human Resources Specialist,45000,Human Resources,employee11@humanresources.com,+123-456-1011,2011-12-15
HUM012,Employee_HUM12,34,Human Resources Specialist,50000,Human Resources,employee12@humanresources.com,+123-456-1012,2012-01-15
HUM013,Employee_HUM13,35,Human Resources Specialist,55000,Human Resources,employee13@humanresources.com,+123-456-1013,2013-02-15
HUM014,Employee_HUM14,36,Human Resources Specialist,60000,Human Resources,employee14@humanresources.com,+123-456-1014,2014-03-15
HUM015,Employee_HUM15,37,Human Resources Specialist,65000,Human Resources,employee15@humanresources.com,+123-456-1015,2015-04-15
HUM016,Employee_HUM16,38,Human Resources Specialist,70000,Human Resources,employee16@humanresources.com,+123-456-1016,2016-05-15
HUM017,Employee_HUM17,39,Human Resources Specialist,75000,Human Resources,employee17@humanresources.com,+123-456-1017,2017-06-15
HUM018,Employee_HUM18,40,Human Resources Specialist,80000,Human Resources,employee18@humanresources.com,+123-456-1018,2018-07-15
HUM019,Employee_HUM19,41,Human Resources Specialist,85000,Human Resources,employee19@humanresources.com,+123-456-1019,2019-08-15
HUM020,Employee_HUM20,42,Human Resources Manager,40000,Human Resources,employee20@humanresources.com,+123-456-1020,2010-09-15
HUM021,Employee_HUM21,43,Human Resources Specialist,45000,Human Resources,employee21@humanresources.com,+123-456-1021,2011-10-15
HUM022,Employee_HUM22,44,Human Resources Specialist,50000,Human Resources,employee22@humanresources.com,+123-456-1022,2012-11-15
HUM023,Employee_HUM23,45,Human Resources Specialist,55000,Human Resources,employee23@humanresources.com,+123-456-1023,2013-12-15
HUM024,Employee_HUM24,46,Human Resources Specialist,60000,Human Resources,employee24@humanresources.com,+123-456-1024,2014-01-15
HUM025,Employee_HUM25,47,Human Resources Specialist,65000,Human Resources,employee25@humanresources.com,+123-456-1025,2015-02-15
HUM026,Employee_HUM26,48,Human Resources Specialist,70000,Human Resources,employee26@humanresources.com,+123-456-1026,2016-03-15
HUM027,Employee_HUM27,49,Human Resources Specialist,75000,Human Resources,employee27@humanresources.com,+123-456-1027,2017-04-15
HUM028,Employee_HUM28,50,Human Resources Specialist,80000,Human Resources,employee28@humanresources.com,+123-456-1028,2018-05-15
HUM029,Employee_HUM29,51,Human Resources Specialist,85000,Human Resources,employee29@humanresources.com,+123-456-1029,2019-06-15
HUM030,Employee_HUM30,22,Human Resources Manager,40000,Human Resources,employee30@humanresources.com,+123-456-1030,2010-07-15
HUM031,Employee_HUM31,23,Human Resources Specialist,45000,Human Resources,employee31@humanresources.com,+123-456-1031,2011-08-15
HUM032,Employee_HUM32,24,Human Resources Specialist,50000,Human Resources,employee32@humanresources.com,+123-456-1032,2012-09-15
HUM033,Employee_HUM33,25,Human Resources Specialist,55000,Human Resources,employee33@humanresources.com,+123-456-1033,2013-10-15
HUM034,Employee_HUM34,26,Human Resources Specialist,60000,Human Resources,employee34@humanresources.com,+123-456-1034,2014-11-15
HUM035,Employee_HUM35,27,Human Resources Specialist,65000,Human Resources,employee35@humanresources.com,+123-456-1035,2015-12-15
HUM036,Employee_HUM36,28,Human Resources Specialist,70000,Human Resources,employee36@humanresources.com,+123-456-1036,2016-01-15
HUM037,Employee_HUM37,29,Human Resources Specialist,75000,Human Resources,employee37@humanresources.com,+123-456-1037,2017-02-15
HUM038,Employee_HUM38,30,Human Resources Specialist,80000,Human Resources,employee38@humanresources.com,+123-456-1038,2018-03-15
HUM039,Employee_HUM39,31,Human Resources Specialist,85000,Human Resources,employee39@humanresources.com,+123-456-1039,2019-04-15
HUM040,Employee_HUM40,32,Human Resources Manager,40000,Human Resources,employee40@humanresources.com,+123-456-1040,2010-05-15
HUM041,Employee_HUM41,33,Human Resources Specialist,45000,Human Resources,employee41@humanresources.com,+123-456-1041,2011-06-15
HUM042,Employee_HUM42,34,Human Resources Specialist,50000,Human Resources,employee42@humanresources.com,+123-456-1042,2012-07-15
HUM043,Employee_HUM43,35,Human Resources Specialist,55000,Human Resources,employee43@humanresources.com,+123-456-1043,2013-08-15
HUM044,Employee_HUM44,36,Human Resources Specialist,60000,Human Resources,employee44@humanresources.com,+123-456-1044,2014-09-15
HUM045,Employee_HUM45,37,Human Resources Specialist,65000,Human Resources,employee45@humanresources.com,+123-456-1045,2015-10-15
HUM046,Employee_HUM46,38,Human Resources Specialist,70000,Human Resources,employee46@humanresources.com,+123-456-1046,2016-11-15
HUM047,Employee_HUM47,39,Human Resources Specialist,75000,Human Resources,employee47@humanresources.com,+123-456-1047,2017-12-15
HUM048,Employee_HUM48,40,Human Resources Specialist,80000,Human Resources,employee48@humanresources.com,+123-456-1048,2018-01-15
HUM049,Employee_HUM49,41,Human Resources Specialist,85000,Human Resources,employee49@humanresources.com,+123-456-1049,2019-02-15
HUM050,Employee_HUM50,42,Human Resources Manager,40000,Human Resources,employee50@humanresources.com,+123-456-1050,2010-03-15
FIN001,Employee_FIN1,23,Finance Specialist,45000,Finance,employee1@finance.com,+123-456-1001,2011-02-15
FIN002,Employee_FIN2,24,Finance Specialist,50000,Finance,employee2@finance.com,+123-456-1002,2012-03-15
FIN003,Employee_FIN3,25,Finance Specialist,55000,Finance,employee3@finance.com,+123-456-1003,2013-04-15
FIN004,Employee_FIN4,26,Finance Specialist,60000,Finance,employee4@finance.com,+123-456-1004,2014-05-15
FIN005,Employee_FIN5,27,Finance Specialist,65000,Finance,employee5@finance.com,+123-456-1005,2015-06-15
FIN006,Employee_FIN6,28,Finance Specialist,70000,Finance,employee6@finance.com,+123-456-1006,2016-07-15
FIN007,Employee_FIN7,29,Finance Specialist,75000,Finance,employee7@finance.com,+123-456-1007,2017-08-15
FIN008,Employee_FIN8,30,Finance Specialist,80000,Finance,employee8@finance.com,+123-456-1008,2018-09-15
FIN009,Employee_FIN9,31,Finance Specialist,85000,Finance,employee9@finance.com,+123-456-1009,2019-10-15
FIN010,Employee_FIN10,32,Finance Manager,40000,Finance,employee10@finance.com,+123-456-1010,2010-11-15
FIN011,Employee_FIN11,33,Finance Specialist,45000,Finance,employee11@finance.com,+123-456-1011,2011-12-15
FIN012,Employee_FIN12,34,Finance Specialist,50000,Finance,employee12@finance.com,+123-456-1012,2012-01-15
FIN013,Employee_FIN13,35,Finance Specialist,55000,Finance,employee13@finance.com,+123-456-1013,2013-02-15
FIN014,Employee_FIN14,36,Finance Specialist,60000,Finance,employee14@finance.com,+123-456-1014,2014-03-15
FIN015,Employee_FIN15,37,Finance Specialist,65000,Finance,employee15@finance.com,+123-456-1015,2015-04-15
FIN016,Employee_FIN16,38,Finance Specialist,70000,Finance,employee16@finance.com,+123-456-1016,2016-05-15
FIN017,Employee_FIN17,39,Finance Specialist,75000,Finance,employee17@finance.com,+123-456-1017,2017-06-15
FIN018,Employee_FIN18,40,Finance Specialist,80000,Finance,employee18@finance.com,+123-456-1018,2018-07-15
FIN019,Employee_FIN19,41,Finance Specialist,85000,Finance,employee19@finance.com,+123-456-1019,2019-08-15
FIN020,Employee_FIN20,42,Finance Manager,40000,Finance,employee20@finance.com,+123-456-1020,2010-09-15
FIN021,Employee_FIN21,43,Finance Specialist,45000,Finance,employee21@finance.com,+123-456-1021,2011-10-15
FIN022,Employee_FIN22,44,Finance Specialist,50000,Finance,employee22@finance.com,+123-456-1022,2012-11-15
FIN023,Employee_FIN23,45,Finance Specialist,55000,Finance,employee23@finance.com,+123-456-1023,2013-12-15
FIN024,Employee_FIN24,46,Finance Specialist,60000,Finance,employee24@finance.com,+123-456-1024,2014-01-15
FIN025,Employee_FIN25,47,Finance Specialist,65000,Finance,employee25@finance.com,+123-456-1025,2015-02-15
FIN026,Employee_FIN26,48,Finance Specialist,70000,Finance,employee26@finance.com,+123-456-1026,2016-03-15
FIN027,Employee_FIN27,49,Finance Specialist,75000,Finance,employee27@finance.com,+123-456-1027,2017-04-15
FIN028,Employee_FIN28,50,Finance Specialist,80000,Finance,employee28@finance.com,+123-456-1028,2018-05-15
FIN029,Employee_FIN29,51,Finance Specialist,85000,Finance,employee29@finance.com,+123-456-1029,2019-06-15
FIN030,Employee_FIN30,22,Finance Manager,40000,Finance,employee30@finance.com,+123-456-1030,2010-07-15
FIN031,Employee_FIN31,23,Finance Specialist,45000,Finance,employee31@finance.com,+123-456-1031,2011-08-15
FIN032,Employee_FIN32,24,Finance Specialist,50000,Finance,employee32@finance.com,+123-456-1032,2012-09-15
FIN033,Employee_FIN33,25,Finance Specialist,55000,Finance,employee33@finance.com,+123-456-1033,2013-10-15
FIN034,Employee_FIN34,26,Finance Specialist,60000,Finance,employee34@finance.com,+123-456-1034,2014-11-15
FIN035,Employee_FIN35,27,Finance Specialist,65000,Finance,employee35@finance.com,+123-456-1035,2015-12-15
FIN036,Employee_FIN36,28,Finance Specialist,70000,Finance,employee36@finance.com,+123-456-1036,2016-01-15
FIN037,Employee_FIN37,29,Finance Specialist,75000,Finance,employee37@finance.com,+123-456-1037,2017-02-15
FIN038,Employee_FIN38,30,Finance Specialist,80000,Finance,employee38@finance.com,+123-456-1038,2018-03-15
FIN039,Employee_FIN39,31,Finance Specialist,85000,Finance,employee39@finance.com,+123-456-1039,2019-04-15
FIN040,Employee_FIN40,32,Finance Manager,40000,Finance,employee40@finance.com,+123-456-1040,2010-05-15
FIN041,Employee_FIN41,33,Finance Specialist,45000,Finance,employee41@finance.com,+123-456-1041,2011-06-15
FIN042,Employee_FIN42,34,Finance Specialist,50000,Finance,employee42@finance.com,+123-456-1042,2012-07-15
FIN043,Employee_FIN43,35,Finance Specialist,55000,Finance,employee43@finance.com,+123-456-1043,2013-08-15
FIN044,Employee_FIN44,36,Finance Specialist,60000,Finance,employee44@finance.com,+123-456-1044,2014-09-15
FIN045,Employee_FIN45,37,Finance Specialist,65000,Finance,employee45@finance.com,+123-456-1045,2015-10-15
FIN046,Employee_FIN46,38,Finance Specialist,70000,Finance,employee46@finance.com,+123-456-1046,2016-11-15
FIN047,Employee_FIN47,39,Finance Specialist,75000,Finance,employee47@finance.com,+123-456-1047,2017-12-15
FIN048,Employee_FIN48,40,Finance Specialist,80000,Finance,employee48@finance.com,+123-456-1048,2018-01-15
FIN049,Employee_FIN49,41,Finance Specialist,85000,Finance,employee49@finance.com,+123-456-1049,2019-02-15
FIN050,Employee_FIN50,42,Finance Manager,40000,Finance,employee50@finance.com,+123-456-1050,2010-03-15
MAR001,Employee_MAR1,23,Marketing Specialist,45000,Marketing,employee1@marketing.com,+123-456-1001,2011-02-15
MAR002,Employee_MAR2,24,Marketing Specialist,50000,Marketing,employee2@marketing.com,+123-456-1002,2012-03-15
MAR003,Employee_MAR3,25,Marketing Specialist,55000,Marketing,employee3@marketing.com,+123-456-1003,2013-04-15
MAR004,Employee_MAR4,26,Marketing Specialist,60000,Marketing,employee4@marketing.com,+123-456-1004,2014-05-15
MAR005,Employee_MAR5,27,Marketing Specialist,65000,Marketing,employee5@marketing.com,+123-456-1005,2015-06-15
MAR006,Employee_MAR6,28,Marketing Specialist,70000,Marketing,employee6@marketing.com,+123-456-1006,2016-07-15
MAR007,Employee_MAR7,29,Marketing Specialist,75000,Marketing,employee7@marketing.com,+123-456-1007,2017-08-15
MAR008,Employee_MAR8,30,Marketing Specialist,80000,Marketing,employee8@marketing.com,+123-456-1008,2018-09-15
MAR009,Employee_MAR9,31,Marketing Specialist,85000,Marketing,employee9@marketing.com,+123-456-1009,2019-10-15
MAR010,Employee_MAR10,32,Marketing Manager,40000,Marketing,employee10@marketing.com,+123-456-1010,2010-11-15
MAR011,Employee_MAR11,33,Marketing Specialist,45000,Marketing,employee11@marketing.com,+123-456-1011,2011-12-15
MAR012,Employee_MAR12,34,Marketing Specialist,50000,Marketing,employee12@marketing.com,+123-456-1012,2012-01-15
MAR013,Employee_MAR13,35,Marketing Specialist,55000,Marketing,employee13@marketing.com,+123-456-1013,2013-02-15
MAR014,Employee_MAR14,36,Marketing Specialist,60000,Marketing,employee14@marketing.com,+123-456-1014,2014-03-15
MAR015,Employee_MAR15,37,Marketing Specialist,65000,Marketing,employee15@marketing.com,+123-456-1015,2015-04-15
MAR016,Employee_MAR16,38,Marketing Specialist,70000,Marketing,employee16@marketing.com,+123-456-1016,2016-05-15
MAR017,Employee_MAR17,39,Marketing Specialist,75000,Marketing,employee17@marketing.com,+123-456-1017,2017-06-15
MAR018,Employee_MAR18,40,Marketing Specialist,80000,Marketing,employee18@marketing.com,+123-456-1018,2018-07-15
MAR019,Employee_MAR19,41,Marketing Specialist,85000,Marketing,employee19@marketing.com,+123-456-1019,2019-08-15
MAR020,Employee_MAR20,42,Marketing Manager,40000,Marketing,employee20@marketing.com,+123-456-1020,2010-09-15
MAR021,Employee_MAR21,43,Marketing Specialist,45000,Marketing,employee21@marketing.com,+123-456-1021,2011-10-15
MAR022,Employee_MAR22,44,Marketing Specialist,50000,Marketing,employee22@marketing.com,+123-456-1022,2012-11-15
MAR023,Employee_MAR23,45,Marketing Specialist,55000,Marketing,employee23@marketing.com,+123-456-1023,2013-12-15
MAR024,Employee_MAR24,46,Marketing Specialist,60000,Marketing,employee24@marketing.com,+123-456-1024,2014-01-15
MAR025,Employee_MAR25,47,Marketing Specialist,65000,Marketing,employee25@marketing.com,+123-456-1025,2015-02-15
MAR026,Employee_MAR26,48,Marketing Specialist,70000,Marketing,employee26@marketing.com,+123-456-1026,2016-03-15
MAR027,Employee_MAR27,49,Marketing Specialist,75000,Marketing,employee27@marketing.com,+123-456-1027,2017-04-15
MAR028,Employee_MAR28,50,Marketing Specialist,80000,Marketing,employee28@marketing.com,+123-456-1028,2018-05-15
MAR029,Employee_MAR29,51,Marketing Specialist,85000,Marketing,employee29@marketing.com,+123-456-1029,2019-06-15
MAR030,Employee_MAR30,22,Marketing Manager,40000,Marketing,employee30@marketing.com,+123-456-1030,2010-07-15
MAR031,Employee_MAR31,23,Marketing Specialist,45000,Marketing,employee31@marketing.com,+123-456-1031,2011-08-15
MAR032,Employee_MAR32,24,Marketing Specialist,50000,Marketing,employee32@marketing.com,+123-456-1032,2012-09-15
MAR033,Employee_MAR33,25,Marketing Specialist,55000,Marketing,employee33@marketing.com,+123-456-1033,2013-10-15
MAR034,Employee_MAR34,26,Marketing Specialist,60000,Marketing,employee34@marketing.com,+123-456-1034,2014-11-15
MAR035,Employee_MAR35,27,Marketing Specialist,65000,Marketing,employee35@marketing.com,+123-456-1035,2015-12-15
MAR036,Employee_MAR36,28,Marketing Specialist,70000,Marketing,employee36@marketing.com,+123-456-1036,2016-01-15
MAR037,Employee_MAR37,29,Marketing Specialist,75000,Marketing,employee37@marketing.com,+123-456-1037,2017-02-15
MAR038,Employee_MAR38,30,Marketing Specialist,80000,Marketing,employee38@marketing.com,+123-456-1038,2018-03-15
MAR039,Employee_MAR39,31,Marketing Specialist,85000,Marketing,employee39@marketing.com,+123-456-1039,2019-04-15
MAR040,Employee_MAR40,32,Marketing Manager,40000,Marketing,employee40@marketing.com,+123-456-1040,2010-05-15
MAR041,Employee_MAR41,33,Marketing Specialist,45000,Marketing,employee41@marketing.com,+123-456-1041,2011-06-15
MAR042,Employee_MAR42,34,Marketing Specialist,50000,Marketing,employee42@marketing.com,+123-456-1042,2012-07-15
MAR043,Employee_MAR43,35,Marketing Specialist,55000,Marketing,employee43@marketing.com,+123-456-1043,2013-08-15
MAR044,Employee_MAR44,36,Marketing Specialist,60000,Marketing,employee44@marketing.com,+123-456-1044,2014-09-15
MAR045,Employee_MAR45,37,Marketing Specialist,65000,Marketing,employee45@marketing.com,+123-456-1045,2015-10-15
MAR046,Employee_MAR46,38,Marketing Specialist,70000,Marketing,employee46@marketing.com,+123-456-1046,2016-11-15
MAR047,Employee_MAR47,39,Marketing Specialist,75000,Marketing,employee47@marketing.com,+123-456-1047,2017-12-15
MAR048,Employee_MAR48,40,Marketing Specialist,80000,Marketing,employee48@marketing.com,+123-456-1048,2018-01-15
MAR049,Employee_MAR49,41,Marketing Specialist,85000,Marketing,employee49@marketing.com,+123-456-1049,2019-02-15
MAR050,Employee_MAR50,42,Marketing Manager,40000,Marketing,employee50@marketing.com,+123-456-1050,2010-03-15
SAL001,Employee_SAL1,23,Sales Specialist,45000,Sales,employee1@sales.com,+123-456-1001,2011-02-15
SAL002,Employee_SAL2,24,Sales Specialist,50000,Sales,employee2@sales.com,+123-456-1002,2012-03-15
SAL003,Employee_SAL3,25,Sales Specialist,55000,Sales,employee3@sales.com,+123-456-1003,2013-04-15
SAL004,Employee_SAL4,26,Sales Specialist,60000,Sales,employee4@sales.com,+123-456-1004,2014-05-15
SAL005,Employee_SAL5,27,Sales Specialist,65000,Sales,employee5@sales.com,+123-456-1005,2015-06-15
SAL006,Employee_SAL6,28,Sales Specialist,70000,Sales,employee6@sales.com,+123-456-1006,2016-07-15
SAL007,Employee_SAL7,29,Sales Specialist,75000,Sales,employee7@sales.com,+123-456-1007,2017-08-15
SAL008,Employee_SAL8,30,Sales Specialist,80000,Sales,employee8@sales.com,+123-456-1008,2018-09-15
SAL009,Employee_SAL9,31,Sales Specialist,85000,Sales,employee9@sales.com,+123-456-1009,2019-10-15
SAL010,Employee_SAL10,32,Sales Manager,40000,Sales,employee10@sales.com,+123-456-1010,2010-11-15
SAL011,Employee_SAL11,33,Sales Specialist,45000,Sales,employee11@sales.com,+123-456-1011,2011-12-15
SAL012,Employee_SAL12,34,Sales Specialist,50000,Sales,employee12@sales.com,+123-456-1012,2012-01-15
SAL013,Employee_SAL13,35,Sales Specialist,55000,Sales,employee13@sales.com,+123-456-1013,2013-02-15
SAL014,Employee_SAL14,36,Sales Specialist,60000,Sales,employee14@sales.com,+123-456-1014,2014-03-15
SAL015,Employee_SAL15,37,Sales Specialist,65000,Sales,employee15@sales.com,+123-456-1015,2015-04-15
SAL016,Employee_SAL16,38,Sales Specialist,70000,Sales,employee16@sales.com,+123-456-1016,2016-05-15
SAL017,Employee_SAL17,39,Sales Specialist,75000,Sales,employee17@sales.com,+123-456-1017,2017-06-15
SAL018,Employee_SAL18,40,Sales Specialist,80000,Sales,employee18@sales.com,+123-456-1018,2018-07-15
SAL019,Employee_SAL19,41,Sales Specialist,85000,Sales,employee19@sales.com,+123-456-1019,2019-08-15
SAL020,Employee_SAL20,42,Sales Manager,40000,Sales,employee20@sales.com,+123-456-1020,2010-09-15
SAL021,Employee_SAL21,43,Sales Specialist,45000,Sales,employee21@sales.com,+123-456-1021,2011-10-15
SAL022,Employee_SAL22,44,Sales Specialist,50000,Sales,employee22@sales.com,+123-456-1022,2012-11-15
SAL023,Employee_SAL23,45,Sales Specialist,55000,Sales,employee23@sales.com,+123-456-1023,2013-12-15
SAL024,Employee_SAL24,46,Sales Specialist,60000,Sales,employee24@sales.com,+123-456-1024,2014-01-15
SAL025,Employee_SAL25,47,Sales Specialist,65000,Sales,employee25@sales.com,+123-456-1025,2015-02-15
SAL026,Employee_SAL26,48,Sales Specialist,70000,Sales,employee26@sales.com,+123-456-1026,2016-03-15
SAL027,Employee_SAL27,49,Sales Specialist,75000,Sales,employee27@sales.com,+123-456-1027,2017-04-15
SAL028,Employee_SAL28,50,Sales Specialist,80000,Sales,employee28@sales.com,+123-456-1028,2018-05-15
SAL029,Employee_SAL29,51,Sales Specialist,85000,Sales,employee29@sales.com,+123-456-1029,2019-06-15
SAL030,Employee_SAL30,22,Sales Manager,40000,Sales,employee30@sales.com,+123-456-1030,2010-07-15
SAL031,Employee_SAL31,23,Sales Specialist,45000,Sales,employee31@sales.com,+123-456-1031,2011-08-15
SAL032,Employee_SAL32,24,Sales Specialist,50000,Sales,employee32@sales.com,+123-456-1032,2012-09-15
SAL033,Employee_SAL33,25,Sales Specialist,55000,Sales,employee33@sales.com,+123-456-1033,2013-10-15
SAL034,Employee_SAL34,26,Sales Specialist,60000,Sales,employee34@sales.com,+123-456-1034,2014-11-15
SAL035,Employee_SAL35,27,Sales Specialist,65000,Sales,employee35@sales.com,+123-456-1035,2015-12-15
SAL036,Employee_SAL36,28,Sales Specialist,70000,Sales,employee36@sales.com,+123-456-1036,2016-01-15
SAL037,Employee_SAL37,29,Sales Specialist,75000,Sales,employee37@sales.com,+123-456-1037,2017-02-15
SAL038,Employee_SAL38,30,Sales Specialist,80000,Sales,employee38@sales.com,+123-456-1038,2018-03-15
SAL039,Employee_SAL39,31,Sales Specialist,85000,Sales,employee39@sales.com,+123-456-1039,2019-04-15
SAL040,Employee_SAL40,32,Sales Manager,40000,Sales,employee40@sales.com,+123-456-1040,2010-05-15
SAL041,Employee_SAL41,33,Sales Specialist,45000,Sales,employee41@sales.com,+123-456-1041,2011-06-15
SAL042,Employee_SAL42,34,Sales Specialist,50000,Sales,employee42@sales.com,+123-456-1042,2012-07-15
SAL043,Employee_SAL43,35,Sales Specialist,55000,Sales,employee43@sales.com,+123-456-1043,2013-08-15
SAL044,Employee_SAL44,36,Sales Specialist,60000,Sales,employee44@sales.com,+123-456-1044,2014-09-15
SAL045,Employee_SAL45,37,Sales Specialist,65000,Sales,employee45@sales.com,+123-456-1045,2015-10-15
SAL046,Employee_SAL46,38,Sales Specialist,70000,Sales,employee46@sales.com,+123-456-1046,2016-11-15
SAL047,Employee_SAL47,39,Sales Specialist,75000,Sales,employee47@sales.com,+123-456-1047,2017-12-15
SAL048,Employee_SAL48,40,Sales Specialist,80000,Sales,employee48@sales.com,+123-456-1048,2018-01-15
SAL049,Employee_SAL49,41,Sales Specialist,85000,Sales,employee49@sales.com,+123-456-1049,2019-02-15
SAL050,Employee_SAL50,42,Sales Manager,40000,Sales,employee50@sales.com,+123-456-1050,2010-03-15
IT001,Employee_IT1,23,IT Specialist,45000,IT,employee1@it.com,+123-456-1001,2011-02-15
IT002,Employee_IT2,24,IT Specialist,50000,IT,employee2@it.com,+123-456-1002,2012-03-15
IT003,Employee_IT3,25,IT Specialist,55000,IT,employee3@it.com,+123-456-1003,2013-04-15
IT004,Employee_IT4,26,IT Specialist,60000,IT,employee4@it.com,+123-456-1004,2014-05-15
IT005,Employee_IT5,27,IT Specialist,65000,IT,employee5@it.com,+123-456-1005,2015-06-15
IT006,Employee_IT6,28,IT Specialist,70000,IT,employee6@it.com,+123-456-1006,2016-07-15
IT007,Employee_IT7,29,IT Specialist,75000,IT,employee7@it.com,+123-456-1007,2017-08-15
IT008,Employee_IT8,30,IT Specialist,80000,IT,employee8@it.com,+123-456-1008,2018-09-15
IT009,Employee_IT9,31,IT Specialist,85000,IT,employee9@it.com,+123-456-1009,2019-10-15
IT010,Employee_IT10,32,IT Manager,40000,IT,employee10@it.com,+123-456-1010,2010-11-15
IT011,Employee_IT11,33,IT Specialist,45000,IT,employee11@it.com,+123-456-1011,2011-12-15
IT012,Employee_IT12,34,IT Specialist,50000,IT,employee12@it.com,+123-456-1012,2012-01-15
IT013,Employee_IT13,35,IT Specialist,55000,IT,employee13@it.com,+123-456-1013,2013-02-15
IT014,Employee_IT14,36,IT Specialist,60000,IT,employee14@it.com,+123-456-1014,2014-03-15
IT015,Employee_IT15,37,IT Specialist,65000,IT,employee15@it.com,+123-456-1015,2015-04-15
IT016,Employee_IT16,38,IT Specialist,70000,IT,employee16@it.com,+123-456-1016,2016-05-15
IT017,Employee_IT17,39,IT Specialist,75000,IT,employee17@it.com,+123-456-1017,2017-06-15
IT018,Employee_IT18,40,IT Specialist,80000,IT,employee18@it.com,+123-456-1018,2018-07-15
IT019,Employee_IT19,41,IT Specialist,85000,IT,employee19@it.com,+123-456-1019,2019-08-15
IT020,Employee_IT20,42,IT Manager,40000,IT,employee20@it.com,+123-456-1020,2010-09-15
IT021,Employee_IT21,43,IT Specialist,45000,IT,employee21@it.com,+123-456-1021,2011-10-15
IT022,Employee_IT22,44,IT Specialist,50000,IT,employee22@it.com,+123-456-1022,2012-11-15
IT023,Employee_IT23,45,IT Specialist,55000,IT,employee23@it.com,+123-456-1023,2013-12-15
IT024,Employee_IT24,46,IT Specialist,60000,IT,employee24@it.com,+123-456-1024,2014-01-15
IT025,Employee_IT25,47,IT Specialist,65000,IT,employee25@it.com,+123-456-1025,2015-02-15
IT026,Employee_IT26,48,IT Specialist,70000,IT,employee26@it.com,+123-456-1026,2016-03-15
IT027,Employee_IT27,49,IT Specialist,75000,IT,employee27@it.com,+123-456-1027,2017-04-15
IT028,Employee_IT28,50,IT Specialist,80000,IT,employee28@it.com,+123-456-1028,2018-05-15
IT029,Employee_IT29,51,IT Specialist,85000,IT,employee29@it.com,+123-456-1029,2019-06-15
IT030,Employee_IT30,22,IT Manager,40000,IT,employee30@it.com,+123-456-1030,2010-07-15
IT031,Employee_IT31,23,IT Specialist,45000,IT,employee31@it.com,+123-456-1031,2011-08-15
IT032,Employee_IT32,24,IT Specialist,50000,IT,employee32@it.com,+123-456-1032,2012-09-15
IT033,Employee_IT33,25,IT Specialist,55000,IT,employee33@it.com,+123-456-1033,2013-10-15
IT034,Employee_IT34,26,IT Specialist,60000,IT,employee34@it.com,+123-456-1034,2014-11-15
IT035,Employee_IT35,27,IT Specialist,65000,IT,employee35@it.com,+123-456-1035,2015-12-15
IT036,Employee_IT36,28,IT Specialist,70000,IT,employee36@it.com,+123-456-1036,2016-01-15
IT037,Employee_IT37,29,IT Specialist,75000,IT,employee37@it.com,+123-456-1037,2017-02-15
IT038,Employee_IT38,30,IT Specialist,80000,IT,employee38@it.com,+123-456-1038,2018-03-15
IT039,Employee_IT39,31,IT Specialist,85000,IT,employee39@it.com,+123-456-1039,2019-04-15
IT040,Employee_IT40,32,IT Manager,40000,IT,employee40@it.com,+123-456-1040,2010-05-15
IT041,Employee_IT41,33,IT Specialist,45000,IT,employee41@it.com,+123-456-1041,2011-06-15
IT042,Employee_IT42,34,IT Specialist,50000,IT,employee42@it.com,+123-456-1042,2012-07-15
IT043,Employee_IT43,35,IT Specialist,55000,IT,employee43@it.com,+123-456-1043,2013-08-15
IT044,Employee_IT44,36,IT Specialist,60000,IT,employee44@it.com,+123-456-1044,2014-09-15
IT045,Employee_IT45,37,IT Specialist,65000,IT,employee45@it.com,+123-456-1045,2015-10-15
IT046,Employee_IT46,38,IT Specialist,70000,IT,employee46@it.com,+123-456-1046,2016-11-15
IT047,Employee_IT47,39,IT Specialist,75000,IT,employee47@it.com,+123-456-1047,2017-12-15
IT048,Employee_IT48,40,IT Specialist,80000,IT,employee48@it.com,+123-456-1048,2018-01-15
IT049,Employee_IT49,41,IT Specialist,85000,IT,employee49@it.com,+123-456-1049,2019-02-15
IT050,Employee_IT50,42,IT Manager,40000,IT,employee50@it.com,+123-456-1050,2010-03-15
RES001,Employee_RES1,23,Research and Development Specialist,45000,Research and Development,employee1@researchanddevelopment.com,+123-456-1001,2011-02-15
RES002,Employee_RES2,24,Research and Development Specialist,50000,Research and Development,employee2@researchanddevelopment.com,+123-456-1002,2012-03-15
RES003,Employee_RES3,25,Research and Development Specialist,55000,Research and Development,employee3@researchanddevelopment.com,+123-456-1003,2013-04-15
RES004,Employee_RES4,26,Research and Development Specialist,60000,Research and Development,employee4@researchanddevelopment.com,+123-456-1004,2014-05-15
RES005,Employee_RES5,27,Research and Development Specialist,65000,Research and Development,employee5@researchanddevelopment.com,+123-456-1005,2015-06-15
RES006,Employee_RES6,28,Research and Development Specialist,70000,Research and Development,employee6@researchanddevelopment.com,+123-456-1006,2016-07-15
RES007,Employee_RES7,29,Research and Development Specialist,75000,Research and Development,employee7@researchanddevelopment.com,+123-456-1007,2017-08-15
RES008,Employee_RES8,30,Research and Development Specialist,80000,Research and Development,employee8@researchanddevelopment.com,+123-456-1008,2018-09-15
RES009,Employee_RES9,31,Research and Development Specialist,85000,Research and Development,employee9@researchanddevelopment.com,+123-456-1009,2019-10-15
RES010,Employee_RES10,32,Research and Development Manager,40000,Research and Development,employee10@researchanddevelopment.com,+123-456-1010,2010-11-15
RES011,Employee_RES11,33,Research and Development Specialist,45000,Research and Development,employee11@researchanddevelopment.com,+123-456-1011,2011-12-15
RES012,Employee_RES12,34,Research and Development Specialist,50000,Research and Development,employee12@researchanddevelopment.com,+123-456-1012,2012-01-15
RES013,Employee_RES13,35,Research and Development Specialist,55000,Research and Development,employee13@researchanddevelopment.com,+123-456-1013,2013-02-15
RES014,Employee_RES14,36,Research and Development Specialist,60000,Research and Development,employee14@researchanddevelopment.com,+123-456-1014,2014-03-15
RES015,Employee_RES15,37,Research and Development Specialist,65000,Research and Development,employee15@researchanddevelopment.com,+123-456-1015,2015-04-15
RES016,Employee_RES16,38,Research and Development Specialist,70000,Research and Development,employee16@researchanddevelopment.com,+123-456-1016,2016-05-15
RES017,Employee_RES17,39,Research and Development Specialist,75000,Research and Development,employee17@researchanddevelopment.com,+123-456-1017,2017-06-15
RES018,Employee_RES18,40,Research and Development Specialist,80000,Research and Development,employee18@researchanddevelopment.com,+123-456-1018,2018-07-15
RES019,Employee_RES19,41,Research and Development Specialist,85000,Research and Development,employee19@researchanddevelopment.com,+123-456-1019,2019-08-15
RES020,Employee_RES20,42,Research and Development Manager,40000,Research and Development,employee20@researchanddevelopment.com,+123-456-1020,2010-09-15
RES021,Employee_RES21,43,Research and Development Specialist,45000,Research and Development,employee21@researchanddevelopment.com,+123-456-1021,2011-10-15
RES022,Employee_RES22,44,Research and Development Specialist,50000,Research and Development,employee22@researchanddevelopment.com,+123-456-1022,2012-11-15
RES023,Employee_RES23,45,Research and Development Specialist,55000,Research and Development,employee23@researchanddevelopment.com,+123-456-1023,2013-12-15
RES024,Employee_RES24,46,Research and Development Specialist,60000,Research and Development,employee24@researchanddevelopment.com,+123-456-1024,2014-01-15
RES025,Employee_RES25,47,Research and Development Specialist,65000,Research and Development,employee25@researchanddevelopment.com,+123-456-1025,2015-02-15
RES026,Employee_RES26,48,Research and Development Specialist,70000,Research and Development,employee26@researchanddevelopment.com,+123-456-1026,2016-03-15
RES027,Employee_RES27,49,Research and Development Specialist,75000,Research and Development,employee27@researchanddevelopment.com,+123-456-1027,2017-04-15
RES028,Employee_RES28,50,Research and Development Specialist,80000,Research and Development,employee28@researchanddevelopment.com,+123-456-1028,2018-05-15
RES029,Employee_RES29,51,Research and Development Specialist,85000,Research and Development,employee29@researchanddevelopment.com,+123-456-1029,2019-06-15
RES030,Employee_RES30,22,Research and Development Manager,40000,Research and Development,employee30@researchanddevelopment.com,+123-456-1030,2010-07-15
RES031,Employee_RES31,23,Research and Development Specialist,45000,Research and Development,employee31@researchanddevelopment.com,+123-456-1031,2011-08-15
RES032,Employee_RES32,24,Research and Development Specialist,50000,Research and Development,employee32@researchanddevelopment.com,+123-456-1032,2012-09-15
RES033,Employee_RES33,25,Research and Development Specialist,55000,Research and Development,employee33@researchanddevelopment.com,+123-456-1033,2013-10-15
RES034,Employee_RES34,26,Research and Development Specialist,60000,Research and Development,employee34@researchanddevelopment.com,+123-456-1034,2014-11-15
RES035,Employee_RES35,27,Research and Development Specialist,65000,Research and Development,employee35@researchanddevelopment.com,+123-456-1035,2015-12-15
RES036,Employee_RES36,28,Research and Development Specialist,70000,Research and Development,employee36@researchanddevelopment.com,+123-456-1036,2016-01-15
RES037,Employee_RES37,29,Research and Development Specialist,75000,Research and Development,employee37@researchanddevelopment.com,+123-456-1037,2017-02-15
RES038,Employee_RES38,30,Research and Development Specialist,80000,Research and Development,employee38@researchanddevelopment.com,+123-456-1038,2018-03-15
RES039,Employee_RES39,31,Research and Development Specialist,85000,Research and Development,employee39@researchanddevelopment.com,+123-456-1039,2019-04-15
RES040,Employee_RES40,32,Research and Development Manager,40000,Research and Development,employee40@researchanddevelopment.com,+123-456-1040,2010-05-15
RES041,Employee_RES41,33,Research and Development Specialist,45000,Research and Development,employee41@researchanddevelopment.com,+123-456-1041,2011-06-15
RES042,Employee_RES42,34,Research and Development Specialist,50000,Research and Development,employee42@researchanddevelopment.com,+123-456-1042,2012-07-15
RES043,Employee_RES43,35,Research and Development Specialist,55000,Research and Development,employee43@researchanddevelopment.com,+123-456-1043,2013-08-15
RES044,Employee_RES44,36,Research and Development Specialist,60000,Research and Development,employee44@researchanddevelopment.com,+123-456-1044,2014-09-15
RES045,Employee_RES45,37,Research and Development Specialist,65000,Research and Development,employee45@researchanddevelopment.com,+123-456-1045,2015-10-15
RES046,Employee_RES46,38,Research and Development Specialist,70000,Research and Development,employee46@researchanddevelopment.com,+123-456-1046,2016-11-15
RES047,Employee_RES47,39,Research and Development Specialist,75000,Research and Development,employee47@researchanddevelopment.com,+123-456-1047,2017-12-15
RES048,Employee_RES48,40,Research and Development Specialist,80000,Research and Development,employee48@researchanddevelopment.com,+123-456-1048,2018-01-15
RES049,Employee_RES49,41,Research and Development Specialist,85000,Research and Development,employee49@researchanddevelopment.com,+123-456-1049,2019-02-15
RES050,Employee_RES50,42,Research and Development Manager,40000,Research and Development,employee50@researchanddevelopment.com,+123-456-1050,2010-03-15
CUS001,Employee_CUS1,23,Customer Support Specialist,45000,Customer Support,employee1@customersupport.com,+123-456-1001,2011-02-15
CUS002,Employee_CUS2,24,Customer Support Specialist,50000,Customer Support,employee2@customersupport.com,+123-456-1002,2012-03-15
CUS003,Employee_CUS3,25,Customer Support Specialist,55000,Customer Support,employee3@customersupport.com,+123-456-1003,2013-04-15
CUS004,Employee_CUS4,26,Customer Support Specialist,60000,Customer Support,employee4@customersupport.com,+123-456-1004,2014-05-15
CUS005,Employee_CUS5,27,Customer Support Specialist,65000,Customer Support,employee5@customersupport.com,+123-456-1005,2015-06-15
CUS006,Employee_CUS6,28,Customer Support Specialist,70000,Customer Support,employee6@customersupport.com,+123-456-1006,2016-07-15
CUS007,Employee_CUS7,29,Customer Support Specialist,75000,Customer Support,employee7@customersupport.com,+123-456-1007,2017-08-15
CUS008,Employee_CUS8,30,Customer Support Specialist,80000,Customer Support,employee8@customersupport.com,+123-456-1008,2018-09-15
CUS009,Employee_CUS9,31,Customer Support Specialist,85000,Customer Support,employee9@customersupport.com,+123-456-1009,2019-10-15
CUS010,Employee_CUS10,32,Customer Support Manager,40000,Customer Support,employee10@customersupport.com,+123-456-1010,2010-11-15
CUS011,Employee_CUS11,33,Customer Support Specialist,45000,Customer Support,employee11@customersupport.com,+123-456-1011,2011-12-15
CUS012,Employee_CUS12,34,Customer Support Specialist,50000,Customer Support,employee12@customersupport.com,+123-456-1012,2012-01-15
CUS013,Employee_CUS13,35,Customer Support Specialist,55000,Customer Support,employee13@customersupport.com,+123-456-1013,2013-02-15
CUS014,Employee_CUS14,36,Customer Support Specialist,60000,Customer Support,employee14@customersupport.com,+123-456-1014,2014-03-15
CUS015,Employee_CUS15,37,Customer Support Specialist,65000,Customer Support,employee15@customersupport.com,+123-456-1015,2015-04-15
CUS016,Employee_CUS16,38,Customer Support Specialist,70000,Customer Support,employee16@customersupport.com,+123-456-1016,2016-05-15
CUS017,Employee_CUS17,39,Customer Support Specialist,75000,Customer Support,employee17@customersupport.com,+123-456-1017,2017-06-15
CUS018,Employee_CUS18,40,Customer Support Specialist,80000,Customer Support,employee18@customersupport.com,+123-456-1018,2018-07-15
CUS019,Employee_CUS19,41,Customer Support Specialist,85000,Customer Support,employee19@customersupport.com,+123-456-1019,2019-08-15
CUS020,Employee_CUS20,42,Customer Support Manager,40000,Customer Support,employee20@customersupport.com,+123-456-1020,2010-09-15
CUS021,Employee_CUS21,43,Customer Support Specialist,45000,Customer Support,employee21@customersupport.com,+123-456-1021,2011-10-15
CUS022,Employee_CUS22,44,Customer Support Specialist,50000,Customer Support,employee22@customersupport.com,+123-456-1022,2012-11-15
CUS023,Employee_CUS23,45,Customer Support Specialist,55000,Customer Support,employee23@customersupport.com,+123-456-1023,2013-12-15
CUS024,Employee_CUS24,46,Customer Support Specialist,60000,Customer Support,employee24@customersupport.com,+123-456-1024,2014-01-15
CUS025,Employee_CUS25,47,Customer Support Specialist,65000,Customer Support,employee25@customersupport.com,+123-456-1025,2015-02-15
CUS026,Employee_CUS26,48,Customer Support Specialist,70000,Customer Support,employee26@customersupport.com,+123-456-1026,2016-03-15
CUS027,Employee_CUS27,49,Customer Support Specialist,75000,Customer Support,employee27@customersupport.com,+123-456-1027,2017-04-15
CUS028,Employee_CUS28,50,Customer Support Specialist,80000,Customer Support,employee28@customersupport.com,+123-456-1028,2018-05-15
CUS029,Employee_CUS29,51,Customer Support Specialist,85000,Customer Support,employee29@customersupport.com,+123-456-1029,2019-06-15
CUS030,Employee_CUS30,22,Customer Support Manager,40000,Customer Support,employee30@customersupport.com,+123-456-1030,2010-07-15
CUS031,Employee_CUS31,23,Customer Support Specialist,45000,Customer Support,employee31@customersupport.com,+123-456-1031,2011-08-15
CUS032,Employee_CUS32,24,Customer Support Specialist,50000,Customer Support,employee32@customersupport.com,+123-456-1032,2012-09-15
CUS033,Employee_CUS33,25,Customer Support Specialist,55000,Customer Support,employee33@customersupport.com,+123-456-1033,2013-10-15
CUS034,Employee_CUS34,26,Customer Support Specialist,60000,Customer Support,employee34@customersupport.com,+123-456-1034,2014-11-15
CUS035,Employee_CUS35,27,Customer Support Specialist,65000,Customer Support,employee35@customersupport.com,+123-456-1035,2015-12-15
CUS036,Employee_CUS36,28,Customer Support Specialist,70000,Customer Support,employee36@customersupport.com,+123-456-1036,2016-01-15
CUS037,Employee_CUS37,29,Customer Support Specialist,75000,Customer Support,employee37@customersupport.com,+123-456-1037,2017-02-15
CUS038,Employee_CUS38,30,Customer Support Specialist,80000,Customer Support,employee38@customersupport.com,+123-456-1038,2018-03-15
CUS039,Employee_CUS39,31,Customer Support Specialist,85000,Customer Support,employee39@customersupport.com,+123-456-1039,2019-04-15
CUS040,Employee_CUS40,32,Customer Support Manager,40000,Customer Support,employee40@customersupport.com,+123-456-1040,2010-05-15
CUS041,Employee_CUS41,33,Customer Support Specialist,45000,Customer Support,employee41@customersupport.com,+123-456-1041,2011-06-15
CUS042,Employee_CUS42,34,Customer Support Specialist,50000,Customer Support,employee42@customersupport.com,+123-456-1042,2012-07-15
CUS043,Employee_CUS43,35,Customer Support Specialist,55000,Customer Support,employee43@customersupport.com,+123-456-1043,2013-08-15
CUS044,Employee_CUS44,36,Customer Support Specialist,60000,Customer Support,employee44@customersupport.com,+123-456-1044,2014-09-15
CUS045,Employee_CUS45,37,Customer Support Specialist,65000,Customer Support,employee45@customersupport.com,+123-456-1045,2015-10-15
CUS046,Employee_CUS46,38,Customer Support Specialist,70000,Customer Support,employee46@customersupport.com,+123-456-1046,2016-11-15
CUS047,Employee_CUS47,39,Customer Support Specialist,75000,Customer Support,employee47@customersupport.com,+123-456-1047,2017-12-15
CUS048,Employee_CUS48,40,Customer Support Specialist,80000,Customer Support,employee48@customersupport.com,+123-456-1048,2018-01-15
CUS049,Employee_CUS49,41,Customer Support Specialist,85000,Customer Support,employee49@customersupport.com,+123-456-1049,2019-02-15
CUS050,Employee_CUS50,42,Customer Support Manager,40000,Customer Support,employee50@customersupport.com,+123-456-1050,2010-03-15
LOG001,Employee_LOG1,23,Logistics Specialist,45000,Logistics,employee1@logistics.com,+123-456-1001,2011-02-15
LOG002,Employee_LOG2,24,Logistics Specialist,50000,Logistics,employee2@logistics.com,+123-456-1002,2012-03-15
LOG003,Employee_LOG3,25,Logistics Specialist,55000,Logistics,employee3@logistics.com,+123-456-1003,2013-04-15
LOG004,Employee_LOG4,26,Logistics Specialist,60000,Logistics,employee4@logistics.com,+123-456-1004,2014-05-15
LOG005,Employee_LOG5,27,Logistics Specialist,65000,Logistics,employee5@logistics.com,+123-456-1005,2015-06-15
LOG006,Employee_LOG6,28,Logistics Specialist,70000,Logistics,employee6@logistics.com,+123-456-1006,2016-07-15
LOG007,Employee_LOG7,29,Logistics Specialist,75000,Logistics,employee7@logistics.com,+123-456-1007,2017-08-15
LOG008,Employee_LOG8,30,Logistics Specialist,80000,Logistics,employee8@logistics.com,+123-456-1008,2018-09-15
LOG009,Employee_LOG9,31,Logistics Specialist,85000,Logistics,employee9@logistics.com,+123-456-1009,2019-10-15
LOG010,Employee_LOG10,32,Logistics Manager,40000,Logistics,employee10@logistics.com,+123-456-1010,2010-11-15
LOG011,Employee_LOG11,33,Logistics Specialist,45000,Logistics,employee11@logistics.com,+123-456-1011,2011-12-15
LOG012,Employee_LOG12,34,Logistics Specialist,50000,Logistics,employee12@logistics.com,+123-456-1012,2012-01-15
LOG013,Employee_LOG13,35,Logistics Specialist,55000,Logistics,employee13@logistics.com,+123-456-1013,2013-02-15
LOG014,Employee_LOG14,36,Logistics Specialist,60000,Logistics,employee14@logistics.com,+123-456-1014,2014-03-15
LOG015,Employee_LOG15,37,Logistics Specialist,65000,Logistics,employee15@logistics.com,+123-456-1015,2015-04-15
LOG016,Employee_LOG16,38,Logistics Specialist,70000,Logistics,employee16@logistics.com,+123-456-1016,2016-05-15
LOG017,Employee_LOG17,39,Logistics Specialist,75000,Logistics,employee17@logistics.com,+123-456-1017,2017-06-15
LOG018,Employee_LOG18,40,Logistics Specialist,80000,Logistics,employee18@logistics.com,+123-456-1018,2018-07-15
LOG019,Employee_LOG19,41,Logistics Specialist,85000,Logistics,employee19@logistics.com,+123-456-1019,2019-08-15
LOG020,Employee_LOG20,42,Logistics Manager,40000,Logistics,employee20@logistics.com,+123-456-1020,2010-09-15
LOG021,Employee_LOG21,43,Logistics Specialist,45000,Logistics,employee21@logistics.com,+123-456-1021,2011-10-15
LOG022,Employee_LOG22,44,Logistics Specialist,50000,Logistics,employee22@logistics.com,+123-456-1022,2012-11-15
LOG023,Employee_LOG23,45,Logistics Specialist,55000,Logistics,employee23@logistics.com,+123-456-1023,2013-12-15
LOG024,Employee_LOG24,46,Logistics Specialist,60000,Logistics,employee24@logistics.com,+123-456-1024,2014-01-15
LOG025,Employee_LOG25,47,Logistics Specialist,65000,Logistics,employee25@logistics.com,+123-456-1025,2015-02-15
LOG026,Employee_LOG26,48,Logistics Specialist,70000,Logistics,employee26@logistics.com,+123-456-1026,2016-03-15
LOG027,Employee_LOG27,49,Logistics Specialist,75000,Logistics,employee27@logistics.com,+123-456-1027,2017-04-15
LOG028,Employee_LOG28,50,Logistics Specialist,80000,Logistics,employee28@logistics.com,+123-456-1028,2018-05-15
LOG029,Employee_LOG29,51,Logistics Specialist,85000,Logistics,employee29@logistics.com,+123-456-1029,2019-06-15
LOG030,Employee_LOG30,22,Logistics Manager,40000,Logistics,employee30@logistics.com,+123-456-1030,2010-07-15
LOG031,Employee_LOG31,23,Logistics Specialist,45000,Logistics,employee31@logistics.com,+123-456-1031,2011-08-15
LOG032,Employee_LOG32,24,Logistics Specialist,50000,Logistics,employee32@logistics.com,+123-456-1032,2012-09-15
LOG033,Employee_LOG33,25,Logistics Specialist,55000,Logistics,employee33@logistics.com,+123-456-1033,2013-10-15
LOG034,Employee_LOG34,26,Logistics Specialist,60000,Logistics,employee34@logistics.com,+123-456-1034,2014-11-15
LOG035,Employee_LOG35,27,Logistics Specialist,65000,Logistics,employee35@logistics.com,+123-456-1035,2015-12-15
LOG036,Employee_LOG36,28,Logistics Specialist,70000,Logistics,employee36@logistics.com,+123-456-1036,2016-01-15
LOG037,Employee_LOG37,29,Logistics Specialist,75000,Logistics,employee37@logistics.com,+123-456-1037,2017-02-15
LOG038,Employee_LOG38,30,Logistics Specialist,80000,Logistics,employee38@logistics.com,+123-456-1038,2018-03-15
LOG039,Employee_LOG39,31,Logistics Specialist,85000,Logistics,employee39@logistics.com,+123-456-1039,2019-04-15
LOG040,Employee_LOG40,32,Logistics Manager,40000,Logistics,employee40@logistics.com,+123-456-1040,2010-05-15
LOG041,Employee_LOG41,33,Logistics Specialist,45000,Logistics,employee41@logistics.com,+123-456-1041,2011-06-15
LOG042,Employee_LOG42,34,Logistics Specialist,50000,Logistics,employee42@logistics.com,+123-456-1042,2012-07-15
LOG043,Employee_LOG43,35,Logistics Specialist,55000,Logistics,employee43@logistics.com,+123-456-1043,2013-08-15
LOG044,Employee_LOG44,36,Logistics Specialist,60000,Logistics,employee44@logistics.com,+123-456-1044,2014-09-15
LOG045,Employee_LOG45,37,Logistics Specialist,65000,Logistics,employee45@logistics.com,+123-456-1045,2015-10-15
LOG046,Employee_LOG46,38,Logistics Specialist,70000,Logistics,employee46@logistics.com,+123-456-1046,2016-11-15
LOG047,Employee_LOG47,39,Logistics Specialist,75000,Logistics,employee47@logistics.com,+123-456-1047,2017-12-15
LOG048,Employee_LOG48,40,Logistics Specialist,80000,Logistics,employee48@logistics.com,+123-456-1048,2018-01-15
LOG049,Employee_LOG49,41,Logistics Specialist,85000,Logistics,employee49@logistics.com,+123-456-1049,2019-02-15
LOG050,Employee_LOG50,42,Logistics Manager,40000,Logistics,employee50@logistics.com,+123-456-1050,2010-03-15
LEG001,Employee_LEG1,23,Legal Specialist,45000,Legal,employee1@legal.com,+123-456-1001,2011-02-15
LEG002,Employee_LEG2,24,Legal Specialist,50000,Legal,employee2@legal.com,+123-456-1002,2012-03-15
LEG003,Employee_LEG3,25,Legal Specialist,55000,Legal,employee3@legal.com,+123-456-1003,2013-04-15
LEG004,Employee_LEG4,26,Legal Specialist,60000,Legal,employee4@legal.com,+123-456-1004,2014-05-15
LEG005,Employee_LEG5,27,Legal Specialist,65000,Legal,employee5@legal.com,+123-456-1005,2015-06-15
LEG006,Employee_LEG6,28,Legal Specialist,70000,Legal,employee6@legal.com,+123-456-1006,2016-07-15
LEG007,Employee_LEG7,29,Legal Specialist,75000,Legal,employee7@legal.com,+123-456-1007,2017-08-15
LEG008,Employee_LEG8,30,Legal Specialist,80000,Legal,employee8@legal.com,+123-456-1008,2018-09-15
LEG009,Employee_LEG9,31,Legal Specialist,85000,Legal,employee9@legal.com,+123-456-1009,2019-10-15
LEG010,Employee_LEG10,32,Legal Manager,40000,Legal,employee10@legal.com,+123-456-1010,2010-11-15
LEG011,Employee_LEG11,33,Legal Specialist,45000,Legal,employee11@legal.com,+123-456-1011,2011-12-15
LEG012,Employee_LEG12,34,Legal Specialist,50000,Legal,employee12@legal.com,+123-456-1012,2012-01-15
LEG013,Employee_LEG13,35,Legal Specialist,55000,Legal,employee13@legal.com,+123-456-1013,2013-02-15
LEG014,Employee_LEG14,36,Legal Specialist,60000,Legal,employee14@legal.com,+123-456-1014,2014-03-15
LEG015,Employee_LEG15,37,Legal Specialist,65000,Legal,employee15@legal.com,+123-456-1015,2015-04-15
LEG016,Employee_LEG16,38,Legal Specialist,70000,Legal,employee16@legal.com,+123-456-1016,2016-05-15
LEG017,Employee_LEG17,39,Legal Specialist,75000,Legal,employee17@legal.com,+123-456-1017,2017-06-15
LEG018,Employee_LEG18,40,Legal Specialist,80000,Legal,employee18@legal.com,+123-456-1018,2018-07-15
LEG019,Employee_LEG19,41,Legal Specialist,85000,Legal,employee19@legal.com,+123-456-1019,2019-08-15
LEG020,Employee_LEG20,42,Legal Manager,40000,Legal,employee20@legal.com,+123-456-1020,2010-09-15
LEG021,Employee_LEG21,43,Legal Specialist,45000,Legal,employee21@legal.com,+123-456-1021,2011-10-15
LEG022,Employee_LEG22,44,Legal Specialist,50000,Legal,employee22@legal.com,+123-456-1022,2012-11-15
LEG023,Employee_LEG23,45,Legal Specialist,55000,Legal,employee23@legal.com,+123-456-1023,2013-12-15
LEG024,Employee_LEG24,46,Legal Specialist,60000,Legal,employee24@legal.com,+123-456-1024,2014-01-15
LEG025,Employee_LEG25,47,Legal Specialist,65000,Legal,employee25@legal.com,+123-456-1025,2015-02-15
LEG026,Employee_LEG26,48,Legal Specialist,70000,Legal,employee26@legal.com,+123-456-1026,2016-03-15
LEG027,Employee_LEG27,49,Legal Specialist,75000,Legal,employee27@legal.com,+123-456-1027,2017-04-15
LEG028,Employee_LEG28,50,Legal Specialist,80000,Legal,employee28@legal.com,+123-456-1028,2018-05-15
LEG029,Employee_LEG29,51,Legal Specialist,85000,Legal,employee29@legal.com,+123-456-1029,2019-06-15
LEG030,Employee_LEG30,22,Legal Manager,40000,Legal,employee30@legal.com,+123-456-1030,2010-07-15
LEG031,Employee_LEG31,23,Legal Specialist,45000,Legal,employee31@legal.com,+123-456-1031,2011-08-15
LEG032,Employee_LEG32,24,Legal Specialist,50000,Legal,employee32@legal.com,+123-456-1032,2012-09-15
LEG033,Employee_LEG33,25,Legal Specialist,55000,Legal,employee33@legal.com,+123-456-1033,2013-10-15
LEG034,Employee_LEG34,26,Legal Specialist,60000,Legal,employee34@legal.com,+123-456-1034,2014-11-15
LEG035,Employee_LEG35,27,Legal Specialist,65000,Legal,employee35@legal.com,+123-456-1035,2015-12-15
LEG036,Employee_LEG36,28,Legal Specialist,70000,Legal,employee36@legal.com,+123-456-1036,2016-01-15
LEG037,Employee_LEG37,29,Legal Specialist,75000,Legal,employee37@legal.com,+123-456-1037,2017-02-15
LEG038,Employee_LEG38,30,Legal Specialist,80000,Legal,employee38@legal.com,+123-456-1038,2018-03-15
LEG039,Employee_LEG39,31,Legal Specialist,85000,Legal,employee39@legal.com,+123-456-1039,2019-04-15
LEG040,Employee_LEG40,32,Legal Manager,40000,Legal,employee40@legal.com,+123-456-1040,2010-05-15
LEG041,Employee_LEG41,33,Legal Specialist,45000,Legal,employee41@legal.com,+123-456-1041,2011-06-15
LEG042,Employee_LEG42,34,Legal Specialist,50000,Legal,employee42@legal.com,+123-456-1042,2012-07-15
LEG043,Employee_LEG43,35,Legal Specialist,55000,Legal,employee43@legal.com,+123-456-1043,2013-08-15
LEG044,Employee_LEG44,36,Legal Specialist,60000,Legal,employee44@legal.com,+123-456-1044,2014-09-15
LEG045,Employee_LEG45,37,Legal Specialist,65000,Legal,employee45@legal.com,+123-456-1045,2015-10-15
LEG046,Employee_LEG46,38,Legal Specialist,70000,Legal,employee46@legal.com,+123-456-1046,2016-11-15
LEG047,Employee_LEG47,39,Legal Specialist,75000,Legal,employee47@legal.com,+123-456-1047,2017-12-15
LEG048,Employee_LEG48,40,Legal Specialist,80000,Legal,employee48@legal.com,+123-456-1048,2018-01-15
LEG049,Employee_LEG49,41,Legal Specialist,85000,Legal,employee49@legal.com,+123-456-1049,2019-02-15
LEG050,Employee_LEG50,42,Legal Manager,40000,Legal,employee50@legal.com,+123-456-1050,2010-03-15
PRO001,Employee_PRO1,23,Product Management Specialist,45000,Product Management,employee1@productmanagement.com,+123-456-1001,2011-02-15
PRO002,Employee_PRO2,24,Product Management Specialist,50000,Product Management,employee2@productmanagement.com,+123-456-1002,2012-03-15
PRO003,Employee_PRO3,25,Product Management Specialist,55000,Product Management,employee3@productmanagement.com,+123-456-1003,2013-04-15
PRO004,Employee_PRO4,26,Product Management Specialist,60000,Product Management,employee4@productmanagement.com,+123-456-1004,2014-05-15
PRO005,Employee_PRO5,27,Product Management Specialist,65000,Product Management,employee5@productmanagement.com,+123-456-1005,2015-06-15
PRO006,Employee_PRO6,28,Product Management Specialist,70000,Product Management,employee6@productmanagement.com,+123-456-1006,2016-07-15
PRO007,Employee_PRO7,29,Product Management Specialist,75000,Product Management,employee7@productmanagement.com,+123-456-1007,2017-08-15
PRO008,Employee_PRO8,30,Product Management Specialist,80000,Product Management,employee8@productmanagement.com,+123-456-1008,2018-09-15
PRO009,Employee_PRO9,31,Product Management Specialist,85000,Product Management,employee9@productmanagement.com,+123-456-1009,2019-10-15
PRO010,Employee_PRO10,32,Product Management Manager,40000,Product Management,employee10@productmanagement.com,+123-456-1010,2010-11-15
PRO011,Employee_PRO11,33,Product Management Specialist,45000,Product Management,employee11@productmanagement.com,+123-456-1011,2011-12-15
PRO012,Employee_PRO12,34,Product Management Specialist,50000,Product Management,employee12@productmanagement.com,+123-456-1012,2012-01-15
PRO013,Employee_PRO13,35,Product Management Specialist,55000,Product Management,employee13@productmanagement.com,+123-456-1013,2013-02-15
PRO014,Employee_PRO14,36,Product Management Specialist,60000,Product Management,employee14@productmanagement.com,+123-456-1014,2014-03-15
PRO015,Employee_PRO15,37,Product Management Specialist,65000,Product Management,employee15@productmanagement.com,+123-456-1015,2015-04-15
PRO016,Employee_PRO16,38,Product Management Specialist,70000,Product Management,employee16@productmanagement.com,+123-456-1016,2016-05-15
PRO017,Employee_PRO17,39,Product Management Specialist,75000,Product Management,employee17@productmanagement.com,+123-456-1017,2017-06-15
PRO018,Employee_PRO18,40,Product Management Specialist,80000,Product Management,employee18@productmanagement.com,+123-456-1018,2018-07-15
PRO019,Employee_PRO19,41,Product Management Specialist,85000,Product Management,employee19@productmanagement.com,+123-456-1019,2019-08-15
PRO020,Employee_PRO20,42,Product Management Manager,40000,Product Management,employee20@productmanagement.com,+123-456-1020,2010-09-15
PRO021,Employee_PRO21,43,Product Management Specialist,45000,Product Management,employee21@productmanagement.com,+123-456-1021,2011-10-15
PRO022,Employee_PRO22,44,Product Management Specialist,50000,Product Management,employee22@productmanagement.com,+123-456-1022,2012-11-15
PRO023,Employee_PRO23,45,Product Management Specialist,55000,Product Management,employee23@productmanagement.com,+123-456-1023,2013-12-15
PRO024,Employee_PRO24,46,Product Management Specialist,60000,Product Management,employee24@productmanagement.com,+123-456-1024,2014-01-15
PRO025,Employee_PRO25,47,Product Management Specialist,65000,Product Management,employee25@productmanagement.com,+123-456-1025,2015-02-15
PRO026,Employee_PRO26,48,Product Management Specialist,70000,Product Management,employee26@productmanagement.com,+123-456-1026,2016-03-15
PRO027,Employee_PRO27,49,Product Management Specialist,75000,Product Management,employee27@productmanagement.com,+123-456-1027,2017-04-15
PRO028,Employee_PRO28,50,Product Management Specialist,80000,Product Management,employee28@productmanagement.com,+123-456-1028,2018-05-15
PRO029,Employee_PRO29,51,Product Management Specialist,85000,Product Management,employee29@productmanagement.com,+123-456-1029,2019-06-15
PRO030,Employee_PRO30,22,Product Management Manager,40000,Product Management,employee30@productmanagement.com,+123-456-1030,2010-07-15
PRO031,Employee_PRO31,23,Product Management Specialist,45000,Product Management,employee31@productmanagement.com,+123-456-1031,2011-08-15
PRO032,Employee_PRO32,24,Product Management Specialist,50000,Product Management,employee32@productmanagement.com,+123-456-1032,2012-09-15
PRO033,Employee_PRO33,25,Product Management Specialist,55000,Product Management,employee33@productmanagement.com,+123-456-1033,2013-10-15
PRO034,Employee_PRO34,26,Product Management Specialist,60000,Product Management,employee34@productmanagement.com,+123-456-1034,2014-11-15
PRO035,Employee_PRO35,27,Product Management Specialist,65000,Product Management,employee35@productmanagement.com,+123-456-1035,2015-12-15
PRO036,Employee_PRO36,28,Product Management Specialist,70000,Product Management,employee36@productmanagement.com,+123-456-1036,2016-01-15
PRO037,Employee_PRO37,29,Product Management Specialist,75000,Product Management,employee37@productmanagement.com,+123-456-1037,2017-02-15
PRO038,Employee_PRO38,30,Product Management Specialist,80000,Product Management,employee38@productmanagement.com,+123-456-1038,2018-03-15
PRO039,Employee_PRO39,31,Product Management Specialist,85000,Product Management,employee39@productmanagement.com,+123-456-1039,2019-04-15
PRO040,Employee_PRO40,32,Product Management Manager,40000,Product Management,employee40@productmanagement.com,+123-456-1040,2010-05-15
PRO041,Employee_PRO41,33,Product Management Specialist,45000,Product Management,employee41@productmanagement.com,+123-456-1041,2011-06-15
PRO042,Employee_PRO42,34,Product Management Specialist,50000,Product Management,employee42@productmanagement.com,+123-456-1042,2012-07-15
PRO043,Employee_PRO43,35,Product Management Specialist,55000,Product Management,employee43@productmanagement.com,+123-456-1043,2013-08-15
PRO044,Employee_PRO44,36,Product Management Specialist,60000,Product Management,employee44@productmanagement.com,+123-456-1044,2014-09-15
PRO045,Employee_PRO45,37,Product Management Specialist,65000,Product Management,employee45@productmanagement.com,+123-456-1045,2015-10-15
PRO046,Employee_PRO46,38,Product Management Specialist,70000,Product Management,employee46@productmanagement.com,+123-456-1046,2016-11-15
PRO047,Employee_PRO47,39,Product Management Specialist,75000,Product Management,employee47@productmanagement.com,+123-456-1047,2017-12-15
PRO048,Employee_PRO48,40,Product Management Specialist,80000,Product Management,employee48@productmanagement.com,+123-456-1048,2018-01-15
PRO049,Employee_PRO49,41,Product Management Specialist,85000,Product Management,employee49@productmanagement.com,+123-456-1049,2019-02-15
PRO050,Employee_PRO50,42,Product Management Manager,40000,Product Management,employee50@productmanagement.com,+123-456-1050,2010-03-15
